[{"name":"Susi","surname":"Crowest","age":40,"country":"Poland","email":"scrowest0@boston.com"},
{"name":"Kathryn","surname":"Salmons","age":24,"country":"Poland","email":"ksalmons1@miitbeian.gov.cn"},
{"name":"Bert","surname":"Fairpo","age":28,"country":"Germany","email":"bfairpo2@blogspot.com"},
{"name":"Cristen","surname":"Eatherton","age":19,"country":"France","email":"ceatherton3@ft.com"},
{"name":"Susette","surname":"Dugmore","age":33,"country":"Germany","email":"sdugmore4@google.de"},
{"name":"Andrea","surname":"Giblett","age":25,"country":"Poland","email":"agiblett5@usgs.gov"},
{"name":"Edeline","surname":"Macieja","age":63,"country":"Poland","email":"emacieja6@fastcompany.com"},
{"name":"Paxon","surname":"Gogay","age":33,"country":"France","email":"pgogay7@mapquest.com"},
{"name":"Ives","surname":"Coveley","age":50,"country":"France","email":"icoveley8@toplist.cz"},
{"name":"Amil","surname":"O' Connell","age":21,"country":"Poland","email":"aoconnell9@vkontakte.ru"},
{"name":"Currey","surname":"Heersma","age":58,"country":"France","email":"cheersmaa@opera.com"},
{"name":"Linn","surname":"Murtimer","age":29,"country":"Poland","email":"lmurtimerb@linkedin.com"},
{"name":"Victor","surname":"Cottu","age":64,"country":"Poland","email":"vcottuc@ifeng.com"},
{"name":"Ardella","surname":"Cosgreave","age":62,"country":"Poland","email":"acosgreaved@ifeng.com"},
{"name":"Adolph","surname":"Cherrett","age":42,"country":"France","email":"acherrette@amazon.de"},
{"name":"Darb","surname":"Stillman","age":41,"country":"France","email":"dstillmanf@fda.gov"},
{"name":"Sebastian","surname":"Gilmore","age":38,"country":"Croatia","email":"sgilmoreg@arstechnica.com"},
{"name":"Birgit","surname":"Neary","age":62,"country":"Poland","email":"bnearyh@free.fr"},
{"name":"Peggie","surname":"Farnell","age":58,"country":"France","email":"pfarnelli@instagram.com"},
{"name":"Germana","surname":"Purvis","age":60,"country":"Poland","email":"gpurvisj@feedburner.com"},
{"name":"Aili","surname":"Chander","age":45,"country":"France","email":"achanderk@fda.gov"},
{"name":"Stefan","surname":"Russ","age":47,"country":"Poland","email":"srussl@soundcloud.com"},
{"name":"Arron","surname":"MacChaell","age":57,"country":"Poland","email":"amacchaellm@jiathis.com"},
{"name":"Lauren","surname":"Thomasson","age":26,"country":"Poland","email":"lthomassonn@aol.com"},
{"name":"Burg","surname":"Loudian","age":23,"country":"France","email":"bloudiano@time.com"},
{"name":"Lanette","surname":"Delacote","age":55,"country":"Poland","email":"ldelacotep@live.com"},
{"name":"Diane-marie","surname":"Bampton","age":22,"country":"Croatia","email":"dbamptonq@ebay.com"},
{"name":"Dodie","surname":"Goggin","age":36,"country":"Poland","email":"dgogginr@phpbb.com"},
{"name":"Danyette","surname":"Cinelli","age":41,"country":"Poland","email":"dcinellis@microsoft.com"},
{"name":"Free","surname":"Rea","age":22,"country":"Croatia","email":"freat@google.nl"},
{"name":"Jennica","surname":"Goodband","age":58,"country":"France","email":"jgoodbandu@alexa.com"},
{"name":"Freemon","surname":"Blaske","age":37,"country":"France","email":"fblaskev@phpbb.com"},
{"name":"Prue","surname":"Ivan","age":29,"country":"France","email":"pivanw@yellowpages.com"},
{"name":"Tallie","surname":"Isoldi","age":46,"country":"France","email":"tisoldix@parallels.com"},
{"name":"Salomi","surname":"Haughan","age":31,"country":"France","email":"shaughany@google.es"},
{"name":"Haley","surname":"Stranahan","age":46,"country":"Poland","email":"hstranahanz@yahoo.com"},
{"name":"Kliment","surname":"Sidgwick","age":61,"country":"Poland","email":"ksidgwick10@ftc.gov"},
{"name":"Estevan","surname":"Moulding","age":26,"country":"Poland","email":"emoulding11@dmoz.org"},
{"name":"Marcia","surname":"Rapaport","age":21,"country":"Poland","email":"mrapaport12@stanford.edu"},
{"name":"Rebekkah","surname":"Yarrow","age":39,"country":"Poland","email":"ryarrow13@deviantart.com"},
{"name":"Greg","surname":"Jahnel","age":37,"country":"Poland","email":"gjahnel14@google.it"},
{"name":"Rozina","surname":"Rhead","age":44,"country":"Poland","email":"rrhead15@soundcloud.com"},
{"name":"Staford","surname":"Maddock","age":56,"country":"France","email":"smaddock16@phoca.cz"},
{"name":"Kris","surname":"Corrado","age":41,"country":"France","email":"kcorrado17@berkeley.edu"},
{"name":"Vikki","surname":"Kures","age":61,"country":"Poland","email":"vkures18@topsy.com"},
{"name":"Standford","surname":"Hamblington","age":48,"country":"Poland","email":"shamblington19@chronoengine.com"},
{"name":"Ramsey","surname":"Petticrew","age":19,"country":"Croatia","email":"rpetticrew1a@ow.ly"},
{"name":"Marni","surname":"Carsberg","age":28,"country":"France","email":"mcarsberg1b@army.mil"},
{"name":"Dino","surname":"Janeczek","age":24,"country":"France","email":"djaneczek1c@economist.com"},
{"name":"Elna","surname":"Snoden","age":20,"country":"France","email":"esnoden1d@foxnews.com"},
{"name":"Euell","surname":"Abeau","age":39,"country":"Poland","email":"eabeau1e@liveinternet.ru"},
{"name":"Oliviero","surname":"Suttie","age":52,"country":"France","email":"osuttie1f@engadget.com"},
{"name":"Jemie","surname":"Kornilov","age":25,"country":"Poland","email":"jkornilov1g@wikia.com"},
{"name":"Addie","surname":"Wigley","age":27,"country":"France","email":"awigley1h@ebay.com"},
{"name":"Weber","surname":"Adamowicz","age":45,"country":"Croatia","email":"wadamowicz1i@hostgator.com"},
{"name":"Coriss","surname":"Couper","age":18,"country":"Poland","email":"ccouper1j@sbwire.com"},
{"name":"Olly","surname":"Bannister","age":32,"country":"Poland","email":"obannister1k@furl.net"},
{"name":"Thibaud","surname":"Wilder","age":39,"country":"Poland","email":"twilder1l@joomla.org"},
{"name":"Kerrie","surname":"Yokelman","age":37,"country":"Croatia","email":"kyokelman1m@umich.edu"},
{"name":"Caz","surname":"Jagger","age":19,"country":"Poland","email":"cjagger1n@cisco.com"},
{"name":"Jacinthe","surname":"Cheke","age":29,"country":"Poland","email":"jcheke1o@wsj.com"},
{"name":"Frieda","surname":"Dorre","age":31,"country":"France","email":"fdorre1p@youtube.com"},
{"name":"Andree","surname":"Dacks","age":61,"country":"Croatia","email":"adacks1q@cbsnews.com"},
{"name":"Adamo","surname":"Limeburner","age":31,"country":"Poland","email":"alimeburner1r@posterous.com"},
{"name":"Christos","surname":"Ewert","age":32,"country":"France","email":"cewert1s@usnews.com"},
{"name":"Emmy","surname":"Elcock","age":51,"country":"France","email":"eelcock1t@vinaora.com"},
{"name":"Loria","surname":"Billam","age":57,"country":"Poland","email":"lbillam1u@paypal.com"},
{"name":"Danie","surname":"Orpin","age":22,"country":"Poland","email":"dorpin1v@w3.org"},
{"name":"Daffi","surname":"Skocroft","age":58,"country":"Poland","email":"dskocroft1w@uiuc.edu"},
{"name":"Vinny","surname":"Eliet","age":26,"country":"Poland","email":"veliet1x@globo.com"},
{"name":"Immanuel","surname":"Oliphant","age":21,"country":"France","email":"ioliphant1y@bbc.co.uk"},
{"name":"Cherianne","surname":"Davidof","age":29,"country":"Germany","email":"cdavidof1z@berkeley.edu"},
{"name":"Courtenay","surname":"Bras","age":31,"country":"France","email":"cbras20@dedecms.com"},
{"name":"Siusan","surname":"Ceeley","age":57,"country":"Poland","email":"sceeley21@state.tx.us"},
{"name":"Eamon","surname":"Kilmister","age":32,"country":"Poland","email":"ekilmister22@xrea.com"},
{"name":"Barnie","surname":"Grimbaldeston","age":46,"country":"Poland","email":"bgrimbaldeston23@cnn.com"},
{"name":"Halsey","surname":"Farman","age":35,"country":"France","email":"hfarman24@cargocollective.com"},
{"name":"Lazaro","surname":"Patriskson","age":53,"country":"Croatia","email":"lpatriskson25@adobe.com"},
{"name":"Alexandra","surname":"Tame","age":22,"country":"Poland","email":"atame26@mlb.com"},
{"name":"Ossie","surname":"Harragin","age":41,"country":"Poland","email":"oharragin27@constantcontact.com"},
{"name":"Baldwin","surname":"Maudling","age":32,"country":"France","email":"bmaudling28@reddit.com"},
{"name":"Brendin","surname":"Boyse","age":40,"country":"France","email":"bboyse29@sfgate.com"},
{"name":"Krista","surname":"Keeping","age":56,"country":"Poland","email":"kkeeping2a@mediafire.com"},
{"name":"Isak","surname":"Shilston","age":57,"country":"France","email":"ishilston2b@geocities.com"},
{"name":"Geraldine","surname":"Feary","age":27,"country":"France","email":"gfeary2c@wufoo.com"},
{"name":"Solomon","surname":"Summersby","age":49,"country":"Poland","email":"ssummersby2d@earthlink.net"},
{"name":"Fidelia","surname":"Willgoss","age":39,"country":"France","email":"fwillgoss2e@hc360.com"},
{"name":"Quintin","surname":"Gebby","age":51,"country":"France","email":"qgebby2f@sina.com.cn"},
{"name":"Livia","surname":"Yukhnov","age":53,"country":"Germany","email":"lyukhnov2g@abc.net.au"},
{"name":"Christophe","surname":"Drummond","age":28,"country":"France","email":"cdrummond2h@google.pl"},
{"name":"Walsh","surname":"Lob","age":44,"country":"Poland","email":"wlob2i@reddit.com"},
{"name":"Laurice","surname":"Noads","age":22,"country":"France","email":"lnoads2j@bloglines.com"},
{"name":"Chrissie","surname":"Thornley","age":50,"country":"France","email":"cthornley2k@quantcast.com"},
{"name":"Welbie","surname":"Edlyn","age":18,"country":"Poland","email":"wedlyn2l@moonfruit.com"},
{"name":"Davin","surname":"Patis","age":35,"country":"Poland","email":"dpatis2m@google.fr"},
{"name":"Justus","surname":"Ilden","age":39,"country":"Poland","email":"jilden2n@cnbc.com"},
{"name":"Sasha","surname":"Sellwood","age":56,"country":"France","email":"ssellwood2o@walmart.com"},
{"name":"Kenneth","surname":"Pearce","age":51,"country":"Poland","email":"kpearce2p@altervista.org"},
{"name":"Katha","surname":"Mattingson","age":29,"country":"France","email":"kmattingson2q@samsung.com"},
{"name":"Brier","surname":"Heap","age":55,"country":"France","email":"bheap2r@home.pl"},
{"name":"Sukey","surname":"Tesimon","age":59,"country":"Poland","email":"stesimon2s@multiply.com"},
{"name":"Edvard","surname":"Moulton","age":41,"country":"France","email":"emoulton2t@fastcompany.com"},
{"name":"Gussy","surname":"Hackworth","age":59,"country":"France","email":"ghackworth2u@shinystat.com"},
{"name":"Rosetta","surname":"Loos","age":24,"country":"France","email":"rloos2v@msu.edu"},
{"name":"Bliss","surname":"Asty","age":27,"country":"Poland","email":"basty2w@salon.com"},
{"name":"Johnath","surname":"Ateridge","age":33,"country":"Poland","email":"jateridge2x@squidoo.com"},
{"name":"Betta","surname":"Cowin","age":42,"country":"Poland","email":"bcowin2y@surveymonkey.com"},
{"name":"Maggi","surname":"Wolfart","age":38,"country":"Poland","email":"mwolfart2z@eventbrite.com"},
{"name":"Karlotte","surname":"Earingey","age":22,"country":"France","email":"kearingey30@a8.net"},
{"name":"Olympia","surname":"Delhay","age":32,"country":"Poland","email":"odelhay31@marketwatch.com"},
{"name":"Evy","surname":"Murtagh","age":42,"country":"Poland","email":"emurtagh32@examiner.com"},
{"name":"Cynde","surname":"Girton","age":20,"country":"France","email":"cgirton33@phpbb.com"},
{"name":"Larine","surname":"McGuiness","age":58,"country":"France","email":"lmcguiness34@oracle.com"},
{"name":"Adams","surname":"Brickwood","age":26,"country":"Poland","email":"abrickwood35@dell.com"},
{"name":"Marybeth","surname":"Bellenie","age":62,"country":"France","email":"mbellenie36@discuz.net"},
{"name":"Winonah","surname":"Waggatt","age":60,"country":"France","email":"wwaggatt37@quantcast.com"},
{"name":"Torey","surname":"Gall","age":18,"country":"France","email":"tgall38@amazonaws.com"},
{"name":"Consalve","surname":"Dunlap","age":52,"country":"France","email":"cdunlap39@hatena.ne.jp"},
{"name":"Bay","surname":"Ianitti","age":51,"country":"Poland","email":"bianitti3a@cbslocal.com"},
{"name":"Gwen","surname":"Tollerton","age":29,"country":"France","email":"gtollerton3b@barnesandnoble.com"}]